목록,국가,책이름,시리즈,저자,역자,출판사,초판,장서
1. 책,,,,,,,,
1-1 삼국지,,,,,,,,
1-1-1 <삼국지>,,,,,,,,
1-1-1,한,정사 삼국지 위서 1,,陈寿,김원중,신원문화사,1994.11.10,2000.9.1
1-1-1,한,正史 三国志 (一),,陈寿,裴松之/陈起焕,明文堂,2019.8.13,2019.8.23
1-1-1,한,正史 三国志 (三),,陈寿,裴松之/陈起焕,明文堂,2019.8.13,2019.8.23
1-1-1,중한,정사 삼국지 위서1,,陳壽,김원중,휴머니스트,2018.3.5,
1-1-1,중한,정사 삼국지 위서1,,陳壽,김원중,민음사,2007.3.9,2013.11.26
1-1-1,중한,정사 삼국지 위서1,,陳壽,김원중,신원문화사,1994.11.10,2000.9.1
1-1-1,중한,新譯 삼국지 1,,,김광주,서문당,1972.12.15,1984.2.5
1-1-1,중한,原本懸吐 三國志 卷一,,世昌書館,,世昌書館,,
1-1-1,중한,原本懸吐 三國志 卷四,,世昌書館,,世昌書館,,
1-1-1,중한,完譯 三國志 第一卷,,,金東里 黃順元 許允碩,博英社,1958.3.20,1966.8.20
1-1-1,중한,정사 삼국지 촉서 제5권,,陈寿,김원중,신원문화사,1994.11.1,1995.1.20
1-1-1,중,三国志 上,,陈寿,,上海古籍出版社,2026.11,
1-1-1,중,三国志 下,,陈寿,,上海古籍出版社,,
1-1-1,중,三国志（古典名著 精选精译）,,陈寿,骆宾,中国文联出版社,2016.8,2023.3
1-1-1,중,白话三国志 上册,,陈寿,吴顺东,岳麓书社,,
1-1-1,중,三国志 全,,,,경인문화사,1977.8.30,
1-1-1,중,白话三国志,,陈寿,,上海古籍出版社,1996.11,
1-1-1,중,三国志,东南西北,,,上海中原书局,1928,
1-1-1,일한,三國志 1,,吉川英治,李仁光,光學社,1975.4.2,
1-1-1,일한,秘本 三国志 1,,陈舜臣,黃晳暎,중원문화,1990.7.20,
1-1-1,일,真三国志 一 曹操の鋭鋒と官渡大決戦 (歴史群像「中国戦史」シリーズ),,,,學習研究社,2000.1.30,
1-1-1,일,真三国志 二 (歴史群像「中国戦史」シリーズ)　魏呉の激突と赤壁の戦い,,,,學習研究社,2000.2.10,
1-1-1,일,真三国志 三 諸葛孔明の戦いと秋風五丈原 (歴史群像「中国戦史」シリーズ),,,,學習研究社,2000.3.10,
1-1-1,,원본 국문 삼국기(전5권),,,,세창서관,1965.3.30,
1-1-1,,"원본 국문 삼국기(전5권) 1의 
원본국문삼국지와 동일",,,,세창서관,1928.8.20,1982.3.30
1-1-1,,"원본 교정 언문 삼국지 
5책1질 중 제1책 소유",,,,세창서관,1928.12.15,
1-1-1,,第一奇書 삼국지,,,,"박문서관 보문관
신구서림 유일서관
회동서관",1917.11.30,
1-1-1,,"無變 諺文 삼국지 
전5책1질 중 제3권(후집 상편)",,,,匯東서관,1920.2.15,
1-1-1,,"剛修 삼국지 전집 
3책, 후집 5책 중 후집 4권 소유",,,,조선서관,1913.9.5,
1-1-1,,"華容道 卷之上,下",,,,목판인쇄,,
1-1-1,,원본현토 삼국지(전5권),,,,세창서관,1962.10.30,
1-1-1,,언토 삼국지 전5권 중 제4권 소유,,,,회동서관,1916.3.25,1916.4.14
1-1-1,,위인전문고 제23호 제갈공명,,,,일본사,1935.3.5,
1-1-1,,삼국지 동서남북 4권,,,,상해 中原書局,1928,
1-1-1,,"삼국지 총20권(목록1권, 원문19권)",,,,목판인쇄,,
1-1-1,,삼국지 총 20권,,,,목판인쇄,,
1-1-1,,삼국지 전?권 중 제1권 소유,,,박태원,박문서관,1944?,
1-1-1,,"대삼국지 전11권
(삼국지 5권, 후삼국지 6권)",,,趙龍濟 趙誠出,평범사,1981.8.30,
1-1-1,,신역 삼국지 6권,,,金光洲,서문문고,,
1-1-1,,정본 삼국지 전5권,,,김동리 황순원 허윤석 ,박영사,1958.3.20,1966.8.20
1-1-1,,삼국지 전10권,,,이문열,민음사,1988.5.30,1989.8.30
1-1-1,,삼국지 전5권,,,김동성,乙酉文化社,1969.1.30,1963.6.25
1-1-1,,삼국지 전10권,,,,정음사,1956.8.20,
1-1-1,,삼국지 전8권,,,서인국,,1952.6.10,
1-1-1,,東西 삼국지,,서문열,,동서문화사,1981.5.10,
1-1-1,,삼국지 전8권,,,박종화,,1984.3.15,1984.9.5
1-1-1,,원본 삼국지 전5권,,,황병국,범유사,1984.8.10,
1-1-1,,비본 삼국지,,진순신,황석영,중원문화,1990.7.20,
1-1-1,,고우영 삼국지 5권,,,,宇石,,
1-1-1,,삼국지(중국고전 백언백화 3),,丹羽準兵,,PHP,1987.4.10,1992.2.7
1-1-1,,삼국지 3권(제3권 없음),,진수,今안眞 등,筑摩書房,1982.2.20,
1-1-1,,삼국지 4책,,,,대만중화서국,1976.9,
1-1-1,,삼국지 6권,,,花村豊生,徳間書店,1979.11.5,
1-1-1,,Tam Quoc Dien Ngnia 8권,,베트남어 삼국지,,,,
1-1-2 해설&평론,,,,,,,,
1-1-2,한,한권으로 보는 인물 삼국지,,편집부 평역,,자유지성사,1996.9.15,1996.9.20
1-1-2,한,고사성어로 읽는 정사 삼국지,,정원재,,이로츠,2022.106,2022.1017
1-1-2,한,삼국지 문화답사기,,남덕현,,미래M&B,2001.1.20,2001.2.10
1-1-2,한,김운희 교수의 삼국지 바로 읽기 1,,김운희,,삼인,2004.12.10,
1-1-2,한,김운희 교수의 삼국지 바로 읽기 2,,김운희,,삼인,2004.12.10,
1-1-2,한,삼국지 바로 읽는 법 삼국지 속의 삼국지 1,,최명,,인간사랑,2003.1.20,
1-1-2,한,삼국지 바로 읽는 법 삼국지 속의 삼국지 2,,최명,,인간사랑,2003.1.20,
1-1-2,한,진실탐지 삼국지,,常一诺,유혜순,명선미디어,1999.5.20,
1-1-2,한,술술 삼국지2,,허우범,,성안당,2021.3.5,2021.3.12
1-1-2,한,주석으로 쉽게 읽는 고정욱 삼국지 1,,고정욱,,애플북스,2022.1.7,2025.1.17
1-1-2,한,설민석의 삼국지 대모험 1,,"설민석, 장군",,단꿈아이,2021.4.20,2024.9.25
1-1-2,한,삼국지 해제,,장정일 김운회 서동훈 ,,김영사,2003.3.24,2003.4.9
1-1-2,한,삼국지를 보다,,김상엽,,루비박스,2005.11.25,-
1-1-2,한,쾌도남담 삼국지 죽이기,,,이형근,페이퍼백,2009.11.5,
1-1-2,한,쾌도남담 삼국지 죽이기,,,이형근,미토스북스,2004.6.20,2005.1.20
1-1-2,한,삼국지를 읽다,,吕思勉(여사면),정병운,유유,2012.4.4,
1-1-2,한,삼국지 바로 읽기 1,,김운희,,삼인,2004.12.10,
1-1-2,한,코믹 삼국지,,최승태,,하움,2022.6.13,
1-1-2,한,다시 조명해 보는 삼국지 황건적,,유가원,,아지랑이,2009.7.5,2009.7.10
1-1-2,한,삼국지 사이언스,,김태호 이정모,,휘슬러,2004.2.25,2004.3.5
1-1-2,한,삼국지가 울고 있네(너무나 잘못 옮겨진 한국의 삼국지),,리동혁(중),,금토,2003.8.18,
1-1-2,한,역사 삼국지(군웅할거에서 통일전쟁까지 184~280),,최진열,,미지북스,2022.4.25,
1-1-2,한,原本懸吐 三國誌,2~5,,,서울세창서관,,
1-1-2,한,매니아를 위한 삼국지,,정원기,,청양,2000.4.10,
1-1-2,한,东西三国志 1草野,,,許文列, 东西文化社,1981.5.10,
1-1-2,한,김동리 삼국지,1-5,김동리,,한결미디어,2008.12.10,
1-1-2,한,술술 삼국지 1,,허우범,,성안당,2021.3.2,
1-1-2,한,김운회 교수의 삼국지 바로 읽기 2,,김운회,,삼인,2004.12.10,
1-1-2,한,삼국지 기행,,허우범,,성안당,2009.10.30,
1-1-2,한,장정일 삼국지 1,1-10,장정일,,김영사,2004.11.17,2004.11.25
1-1-2,한,설민석의 삼국지 1,,설민석,,세계사컨텐츠그룹,2019.7.17,
1-1-2,한,삼국지평화,,정원기,,청양,2000.5.27,
1-1-2,한,과학으로 보는 삼국지,,이종호,,문화유람,2009.4.3,
1-1-2,한,삼국지 필사,,,,,,
1-1-2,한,삼국지신문,,나채훈,,실천문학,1997.11.7,
1-1-2,중한,웨안텅페이 삼국지 강의,,위안텅페이,심규호,라의눈,2016.8.25,2016.10.31
1-1-2,중한,"삼국지, 그 감춰진 진실을 찾아서",,方北辰 谭良啸,김은주 위조관,신아사,2017.11.15,
1-1-2,중한,다르게 읽는 삼국지 이야기,,심백준,정원기,책이있는마을,2001.5.24,
1-1-2,중한,삼국지평화,,신정민,김영문,교유당,2020.11.27,2020.12.7
1-1-2,중한,삼국지 사실과 허구를 말하다,,뤄지푸,양성희 이지은,아리샘,2009.4.10,
1-1-2,중한,삼국지 교양강의,,리둥팡,문현선,돌베개,2010.9.20,
1-1-2,중한,진실탐지 三國志 백배 즐기며 읽는다,,常一诺,유혜순,북토피아,1999.5.25,
1-1-2,중한,우리가 정말 알아야 할 삼국지 상식 백가지,,서전무,정원기 최계량,현암사,2005.12.30,
1-1-2,중일,実録三国志,,于涛,鈴木博,青土社,2008.5.30,2008.6.10
1-1-2,일한,삼국지의 세계 -역사의 이면을 보다,,김문경,송완범 신현승 전성곤 ,사람의무늬,2011.8.10,2011.8.30
1-1-2,일한,소설 삼국지외전,,미요시 토루,박현석,주변인의길,2003.6.25,2003.7.1
1-1-2,일한,삼국지에서 성공을 읽는다,,조오노 히로시,강태정,서지원,1996.9.15,1996.9.20
1-1-2,일한,反三国志,,周大荒,渡辺精一,講談社,1991.9.20,1992.1.20
1-1-2,일한,속삼국지 1 망국원한편,,無外者,이원섭,明文堂,2005.8.25,
1-1-2,일,集中講義 三国志,,渡邊義浩,,NHK出版,2017.7.30,2022.9.15
1-1-2,일,一冊でつかむ三国志,,渡邉義浩,,河出書房新社,2024.8.20,2024.8.30
1-1-2,일,最強の男――三国志を知るために,,竹内真彦,,春風社,2020.9.26,
1-1-2,일,三国志 その終わりと始まり,,上永哲矢,,三栄,2018.1.5,
1-1-2,일,「三国志」の知恵,,狩野直禎,,法藏館,2019.11.15,
1-1-2,일,三国志の虚実,,菅野正則,,新日本出版社,2010.6.25,
1-1-2,일,三国志 第1巻 転形期の軌跡,,丸山松幸,,徳間書店,1979.6.10,
1-1-2,일,本当はこうだった! 三国志の嘘と真実,,三国志の謎研究会,,宝島社,2017.2.22,
1-1-2,일,三国志銘銘伝,,渡辺精一,,光村図書出版,1984.3.15,
1-1-2,일,今こそ知りたい三国志,,東由士,,英和出版社,2019.8.1,
1-1-2,일,大人が読みたい三国,,プラネットライツ,,三栄書屋,2016.10.8,
1-1-2,일,三国志 合戦読本,,渡辺精一,,宝島社,2017.3.13,
1-1-2,일,三国志1 転形期の軌跡,,中国の思想刊行委員会,丸山松幸 中村愿,徳間書店,1979.6.10,
1-1-2,일,吉川英治 三国志 (一),,吉川英治,,六興出版,1956.11.20,1980.1.20
1-1-2,,"무후사, 그 안에서 본 삼국지",,谭良啸 方北辰 ,김은주 위조관,신아사,2017.11.15,
1-1-2,,삼국지 사화,,林亮,,立风书房,1987.6,
1-1-2,,삼국지 10권,,吉川英治,,,1956.11.20,1980.1.20
1-1-2,,삼국지 5권,,요시가와 에이지,이인광,광학사,1975.4.2,
1-1-2,,비본 삼국지 6권,,진순신,,문춘문고,1982.9.25,1985.7.30
1-1-2,,수필 삼국지,,"모리야히로시 하나타
키요데루",한용득,가정문0,1981.2.15,
1-1-2,,극화 대삼국지 12권,,瑞文堂,,홍콩新雅문화사업,1981.2.28,
1-1-2,,"사설 삼국지(天只华，地之风 1,2권)",,江林備,,光風社,1987.1.20,1987.2.1
1-1-2,,삼국지의 세계,,駒田信二,,集英社,1981.7.20,
1-1-2,,삼국지(희망 comics) 60권(1-39권 보유),,横山光辉,,潮出版社(동경),1984.9.20,1987.8.30
1-1-2,,삼국지 사전(횡산광휘의 희망),,,,潮出版社,1983.4.28,1993.3.20
1-1-2,,"삼국지(anime comics)(원작:"" 횡산광휘)",,,,潮出版社,1985.6.1,
1-1-2,,삼국지(family computer guidebook),,,,koei,1988,
1-1-3 사전,,,,,,,,
1-1-3,한,삼국지와 함께 떠나는 한자여행,,조병덕,,동양문고,1997.12.1,1999.6.15
1-1-3,한,삼국지인명록 上,,도경알/도경국,,불잉걸,2000.3.10,2000.3.15
1-1-3,한,삼국지인명록 下,,도경알/도경국,,불잉걸,2000.3.10,2000.3.15
1-1-3,한,주석으로 쉽게 읽는 고정욱 삼국지,,고정욱,,애플북스,2022.1.7,2024.5.28
1-1-3,한,고사성어로 읽는 정사 삼국지,,정원제,,이로츠,2022.10.6,2022.10.17
1-1-3,한,삼국지 사자성어 해설법,,차정식,,진한엠앤비,2018.6.10,2018.6.20
1-1-3,한,삼국지인명록(上),,도경일 도경국',,불잉걸,2000.3.15,
1-1-3,중한,三國志事典,,심백준 담량소,정원기,범우사,2000.2.10,
1-1-3,중,新校本三国志注附索引一,,杨家洛,,鼎文书局,,
1-1-3,일,三国志合戦事典 Truth In History,,藤井勝彦,,新紀元社,2010.12.20,
1-1-3,일,三国志 人物小事典,,村石利夫,,PHP研究所,1999.1.6,
1-1-3,일,三国志人物事典,,小出文彦,,新紀元社,21999.1.1,
1-1-3,일,三国志全人名事典,,『中国の思想』刊行委員会,,徳間書店,1994.11.30,
1-1-3,,삼국지 인물사전,,渡辺精一,,講談社,1989.8.15,1991.6.25
1-2 삼국지연의,,,,,,,,
1-2-1 <삼국지연의>,,,,,,,,
1-2-1,중한,정역삼국지 ,1-10,나관중,정원기,현암사,2008.10.25,
1-2-1,한,삼국지,,나관중,김하중,금성출판사,1978.1.30,1981.3.15
1-2-1,한,소설 삼국지 제1권 도원결의,,정비석,,고려원,1985.2.5,
1-2-1,한,정사소설 삼국지 제1권 천하대란,,유길만,,한국방송출판사,2003.11.24,
1-2-1,한,정사소설 삼국지 제2권 영웅쟁패,,유길만,,한국방송출판사,2003.11.24,
1-2-1,한,삼국연의 上,,나관중,손문흠,다락원,2006.9.22,2019.3.29
1-2-1,중한,삼국지1,,나관중 모종강,송도진,글항아리,2019.4.26,2021.1.28
1-2-1,중한,三國志 제1권 도원결의,,나광중,이광복,대교출판,1997.9.20,2000.1.20
1-2-1,중한,古本完驛 三國志 3,,나관중,정소문,원경,2000.12.5,
1-2-1,중한,完譯 三國志,,罗贯中 ,正音社,正音社,1956.8.20,
1-2-1,중한,直譯三國志 1,,,伏翁 成元奎,伏翁軒舍,1992.3.25,
1-2-1,중한,삼국지,1-10,나관중,박태원,깊은샘,2008.4.29,
1-2-1,중한,三国演义 桃园结义 1 <모종강본> 완역,,나관중,박기봉,비봉출판사,2014.11.26,
1-2-1,중한,定本三国志 제1권 도원결의,,나관중,"연변대학
삼국연의 번역조",청년사,1990.8.25,1992.9.15
1-2-1,중한,삼국지 1 도원에 피는 의,,나관중,이문열,민음사,1988.5.30,2018.12.24
1-2-1,중한,정본완역 삼국지,,나관중,김구용,솔출판사,2000.7.20,
1-2-1,중한,삼국지 제1권 도원에 피는 봄,,나관중,김홍신,대산출판사,2000.3.18,
1-2-1,중한,고본완역 삼국지 1,,나관중,정소문,원경,2000.12.5,
1-2-1,중한,삼국지1 도원에 피는 의,,나관중,이문열,알에이치코리아,2020.3.25,
1-2-1,중한,삼국지 제1권,,나관중,禹玄民,박영사,1980.12.15,
1-2-1,중한,삼국지,,나관중,한무희,일신서적출판사,1998.1.10,
1-2-1,중한,大三国志 <全11卷>,,나관중,金龍濟,대양인쇄사,1981.8.30,
1-2-1,중한,삼국지(1권),,나관중,황병국,범우사,1984.8.10,1995.2.10
1-2-1,중한,삼국연의 1 도원결의편,,罗贯中,林静,太原出版社 서울사무소,1990.9.10,1991.6.31
1-2-1,중한,삼국지 1,,나관중,박정수,青木,1999.7.20,1999.7.30
1-2-1,중한,삼국지 1,,나관중,황석영,문학출판부,2003.7.10,
1-2-1,중한,三國誌 <卷一> 도원결의편,,나관중,김동성,乙酉文化社,1960.1.30,1961.3.30
1-2-1,중한,삼국지 ,,나관중,박태호,박문서관,,
1-2-1,중한,三國誌 卷之一,,나관중,서인국,평범사,1952.6.10,
1-2-1,중한,國文原本 三國志 ,1~5,나관중,,世昌書館,,
1-2-1,중한,新譯三國志 1 桃園篇 群星篇,,,양주동,進賢書館,1976.6.10,
1-2-1,중한,三國志 1 난세의 영웅편,,나관중,박종화,,1996.2.10,
1-2-1,중한,三國志<上>,,나관중,최영해,정음사,1970.11.30,
1-2-1,중한,三國志 1,,나관중,김광주,삼중당,,
1-2-1,중,全本三国演义,"金协中,三宝生",,,天天出版社,2024.1,2024.4
1-2-1,중,三国不演义,三国演义,王觉仁,,河南文艺出版社,2021.7,
1-2-1,중,三国不演义2,三国演义,王觉仁,,河南文艺出版社,2021.11,
1-2-1,중,趣味名著 三国演义,,铁皮人美术,,"幼福文化事业
股份有限公司",2009.6,
1-2-1,중,三国演义(中国经典名著·全彩回本）,,耿雨,,吉林文史出版社,2023.2,
1-2-1,중,三国演义,"小学生课外必读经典丛书·
美绘注音版",罗贯中,,南京大学出版社,2021.3,
1-2-1,중,삼국연의 1,,나관중,김광렬/최옥실,외문출판사,2022,
1-2-1,중,삼국연의 2,,나관중,김광렬/최옥실,외문출판사,2022,
1-2-1,중,삼국연의 3,,나관중,김광렬/최옥실,외문출판사,2022,
1-2-1,중,삼국연의 4,,나관중,김광렬/최옥실,외문출판사,2022,
1-2-1,중,삼국연의 5,,나관중,김광렬/최옥실,외문출판사,2022,
1-2-1,중,삼국연의 6,,나관중,김광렬/최옥실,외문출판사,2022,
1-2-1,중,三国演义 上,古插图大字版,罗贯中,,时代文艺出版社,2020.1,
1-2-1,중,三国演义 下,古插图大字版,罗贯中,,时代文艺出版社,2020.1,
1-2-1,중,三国演义,彩绘版国学经典名著,罗贯中,,中国文联出版社,2022.8,
1-2-1,중,评书三国演义 五 ,,罗贯中,,,,
1-2-1,중,全本 三国演义 一,,罗贯中,,中国少年儿童出版社,2017.8,2022.1
1-2-1,중,全本 三国演义 二,,罗贯中,,中国少年儿童出版社,2017.8,2022.1
1-2-1,중,全本 三国演义 三,,罗贯中,,中国少年儿童出版社,2017.8,2022.1
1-2-1,중,全本 三国演义 四,,罗贯中,,中国少年儿童出版社,2017.8,2022.1
1-2-1,중,三国演义 上,四大名著大字本,罗贯中,,人民文学出版社,2019.6,2024.6
1-2-1,중,三国演义 下,四大名著大字本,罗贯中,,人民文学出版社,2019.6,2024.6
1-2-1,중,三国演义,阅读指导目录丛书,罗贯中,,作家出版社,,
1-2-1,중,三国演义 上 插图典藏版,,罗贯中,,作家出版社,2018.1,2021.3
1-2-1,중,三国演义 下 插图典藏版,,罗贯中,,作家出版社,2018.1,2021.3
1-2-1,중,反三国演义 上册,,周大荒,,江西美术出版社,2018.1,2020.5
1-2-1,중,反三国演义 下册,,周大荒,,江西美术出版社,2018.1,2020.5
1-2-1,중,三国演义 （上）,中国文学全集,罗贯中,陈雅莉,大千文化出版社,1992.8,
1-2-1,중,三国演义故事,绘画文学故事词典,,,上海辞书出版社,1993.4,1993.9
1-2-1,중,桃园三结义,三国志 第1卷,横山光辉,刘子达,新星出版社,2021.8,
1-2-1,중,汉室之风云,三国志 第2卷,横山光辉,马研,新星出版社,2021.8,
1-2-1,중,董卓讨伐军,三国志 第3卷,横山光辉,马泽园,新星出版社,2021.8,
1-2-1,중,吕布与曹操,三国志 第4卷,横山光辉,王玥,新星出版社,2021.8,
1-2-1,중,徐州谋略战,三国志 第5卷,横山光辉,董嘉绒,新星出版社,2021.8,
1-2-1,중,삼국지,"초등학생을 위한
세계 명작 41",나관중,시바타 카츠모,은하수미디어,2022.4.20,
1-2-1,중,三国演义,彩图中国古典名著,巴穆,,内蒙古少年儿童出版社,2000.1,
1-2-1,중,三国演义儿童绘画本-妈妈教我看三国,,周岳峰,,哈尔滨出版社,1995.4,
1-2-1,중,三国演义  少儿版,,佟子华,,吉林摄影出版社,2000.8,
1-2-1,중,桃园结义,三国演义之1,,,上海人民美术出版社,1979.4,1979.5
1-2-1,중,董卓进京,三国演义之2,,,上海人民美术出版社,1979.4,1979.5
1-2-1,중,虎牢关,三国演义之3,,,上海人民美术出版社,1979.4,1979.5
1-2-1,중,跨江击刘表,三国演义之4,,,上海人民美术出版社,1979.4,1979.5
1-2-1,중,凤仪亭,三国演义之5,,,上海人民美术出版社,1979.4,1979.5
1-2-1,중,犯长安,三国演义之6,,,上海人民美术出版社,1979.4,1979.5
1-2-1,중,三让徐州,三国演义之7,,,上海人民美术出版社,1979.4,1979.5
1-2-1,중,李郭交兵,三国演义之8,,,上海人民美术出版社,1979.4,1979.5
1-2-1,중,小霸王孙策,三国演义之9,,,上海人民美术出版社,1979.4,1979.5
1-2-1,중,辕门射戟,三国演义之10,,,上海人民美术出版社,1979.4,1979.5
1-2-1,중,白门楼,三国演义之11,,,上海人民美术出版社,1979.4,1979.5
1-2-1,중,煮酒论英雄,三国演义之12,,,上海人民美术出版社,1979.4,1979.5
1-2-1,중,白马坡,三国演义之13,,,上海人民美术出版社,1979.4,1979.5
1-2-1,중,千里走单骑,三国演义之14,,,上海人民美术出版社,1979.4,1979.5
1-2-1,중,战官渡,三国演义之15,,,上海人民美术出版社,1979.4,1979.5
1-2-1,중,定四州,三国演义之16,,,上海人民美术出版社,1979.4,1979.5
1-2-1,중,马跃檀溪,三国演义之17,,,上海人民美术出版社,1979.4,1979.5
1-2-1,중,三顾茅庐,三国演义之18,,,上海人民美术出版社,1979.4,1979.5
1-2-1,중,火烧新野,三国演义之19,,,上海人民美术出版社,1979.4,1979.5
1-2-1,중,长坂坡,三国演义之20,,,上海人民美术出版社,1979.4,1979.5
1-2-1,중,舌战群儒,三国演义之21,,,上海人民美术出版社,1979.4,1979.5
1-2-1,중,群英会,三国演义之22,,,上海人民美术出版社,1979.4,1979.5
1-2-1,중,赤壁大战,三国演义之23,,,上海人民美术出版社,1979.4,1979.5
1-2-1,중,战长沙,三国演义之24,,,上海人民美术出版社,1979.4,1979.5
1-2-1,중,甘露寺,三国演义之25,,,上海人民美术出版社,1979.4,1979.5
1-2-1,중,反西凉,三国演义之26,,,上海人民美术出版社,1979.4,1979.5
1-2-1,중,张松献地图,三国演义之27,,,上海人民美术出版社,1979.4,1979.5
1-2-1,중,取成都,三国演义之28,,,上海人民美术出版社,1979.4,1979.5
1-2-1,중,需须之战,三国演义之29,,,上海人民美术出版社,1979.4,1979.5
1-2-1,중,定军山,三国演义之30,,,上海人民美术出版社,1979.4,1979.5
1-2-1,중,水淹七军,三国演义之31,,,上海人民美术出版社,1979.4,1979.5
1-2-1,중,走麦城,三国演义之32,,,上海人民美术出版社,1979.4,1979.5
1-2-1,중,火烧连营,三国演义之33,,,上海人民美术出版社,1979.4,1979.5
1-2-1,중,诸葛亮渡泸水,三国演义之34,,,上海人民美术出版社,1979.4,1979.5
1-2-1,중,天水关,三国演义之35,,,上海人民美术出版社,1979.4,1979.5
1-2-1,중,擒孟达,三国演义之36,,,上海人民美术出版社,1979.4,1979.5
1-2-1,중,空城计,三国演义之37,,,上海人民美术出版社,1979.4,1979.5
1-2-1,중,姜维献书,三国演义之38,,,上海人民美术出版社,1979.4,1979.5
1-2-1,중,智取陈仓,三国演义之39,,,上海人民美术出版社,1979.4,1979.5
1-2-1,중,八卦阵,三国演义之40,,,上海人民美术出版社,1979.4,1979.5
1-2-1,중,诸葛装神,三国演义之41,,,上海人民美术出版社,1979.4,1979.5
1-2-1,중,五丈原,三国演义之42,,,上海人民美术出版社,1979.4,1979.5
1-2-1,중,政归司马氏,三国演义之43,,,上海人民美术出版社,1979.4,1979.5
1-2-1,중,铁笼山,三国演义之44,,,上海人民美术出版社,1979.4,1979.5
1-2-1,중,姜邓斗智,三国演义之45,,,上海人民美术出版社,1979.4,1979.5
1-2-1,중,姜维避祸,三国演义之46,,,上海人民美术出版社,1979.4,1979.5
1-2-1,중,二士争功,三国演义之47,,,上海人民美术出版社,1979.4,1979.5
1-2-1,중,三国归晋,三国演义之48,,,上海人民美术出版社,1979.4,1979.5
1-2-1,중,白话三国演义 上,,罗贯中 ,行人 刘文忠,中国青年出版社,,
1-2-1,중,白话三国演义 中,,罗贯中 ,行人 刘文忠,中国青年出版社,,
1-2-1,중,三国演义（图文本 二）,,罗贯中 ,,上海古籍出版社,,
1-2-1,중,三国演义（图文本 三）,,罗贯中 ,,上海古籍出版社,,
1-2-1,중,三国演义 彩绘全本,,金协中 三希堂,,中国书店,2019.5,
1-2-1,중,三国演义 绘图本,,,,上海人民美术出版社,1993.3,1993.8
1-2-1,중,白话三国演义,,罗贯中 ,行人 刘文忠,中国青年出版社,1992.9,
1-2-1,중,三国演义 少儿版,,,,吉林摄影出版社,2000.8,
1-2-1,일한,삼국지 1 도원편,,吉川英治,장현주,더스토리,20203.18,
1-2-1,일,三国志　長坂の攻防,三国志,横山光輝,,潮出版社,1985.6.1,
1-2-1,일,三国志 赤壁の戦,三国志,横山光輝,,潮出版社,1985.6.１,
1-2-1,일,三国志演義 1,,羅貫中,立間祥介,,2019.5.25,2023.9.5
1-2-1,일,三国志演義 2,,羅貫中,立間祥介,,2019.5.26,2023.2.5
1-2-1,일,三国志演義 3,,羅貫中,立間祥介,,2019.6.25,2023.3.15
1-2-1,일,三国志演義 4,,羅貫中,立間祥介,,2019.6.25,2023.9.30
1-2-1,,足本繪圖 삼국지연의 20권(외조부),,,,상해 茂记书莊,1916,
1-2-1,,회도 삼국지연의 16권,,,,鑄記書局,1919,
1-2-1,,增像 全圖 삼국연의 7권,,,,상해 錦章書局,"光绪 癸卯
仲冬",
1-2-1,,"繪圖 東西漢 연의
(서한연의 4권, 동한연의 2권)",,,,상해 光益書局,,
1-2-1,,소설 삼국지,,정비석,,,1985.2.5,
1-2-1,,"삼국연의 상,하",,나관중,李卓吾,黄山书社,1991.4,
1-2-1,,삼국연의,,나관중,모종강,삼민서국,,
1-2-1,,삼국연의,,나관중,,상해古籍出版社,1991.11,1993.12
1-2-1,,"삼국연의 상,하",,나관중,,인민문학출판사,1992,
1-2-1,,삼국연의,,나관중,,齐鲁书社,1992.7,
1-2-1,,삼국연의,,나관중,,江苏古籍出版社,1992.2,
1-2-1,,"삼국지연의 상,하",,나관중,모종강,산동문예출판사,1992.5,
1-2-1,,"삼국지 상,하",,진수찬,,岳麓书社,1990.7,1993.11
1-2-1,,삼국지 今譯,,,,中州古籍出版社,1991.12,
1-2-1,,"白话 삼국지 상,중,하",,나관중,刘文忠,중국청년출판사,1992.9,
1-2-1,,反삼국지,,周大荒,,강담사(동경),1991.9.20,1992.1.20
1-2-1,,"삼국연의 1,2冊",,나관중,모종강,산동인민인쇄창,1991.1,
1-2-1,,삼국연의,,나관중,,文源书局,1976.3,
1-2-1,,삼국연의,,,,联经出版,1980.12,1984
1-2-1,,삼국연의(중국고전문학 독본총서) 전2책,,,,인민문학출판사,1953.11,1973.12
1-2-1,,"삼국지 상,중,하",,나관중,최영해,정음사,1955.6.30,1970.6.30
1-2-1,,"삼국지 10권(2,5권 없음)",,나관중,최영해,정음사,1956.8.20,
1-2-1,,"삼국연의 상,하",,나관중,立間祥介,평범사,1968.1.6,1987.2.27
1-2-1,,삼국지 3권,,나관중,村上知行,河出書房,1968.8.25,1974.4.20
1-2-1,,삼국연의,,나관중,대만화일서국,내몽고인민출판사,1990.8,
1-2-1,,삼국연의 12권,,나관중,,海鸥出版,1975.3,
1-2-1,,삼국연의 회화본 5권,,,,상해인민미술출판사,1993.3,1993.8
1-2-1,,삼국지 6권,,나관중,林静,大原출판사,1990.9.10,1991.6.31
1-2-1,,삼국연의,,,,대만종문출판사,,
1-2-2 해설&평론,,,,,,,,
1-2-2,한,의리의 삼국지 1 대의와 반역,,나관중,장선영,옥합,2000.11.13,2000.11.20
1-2-2,한,의리의 삼국지 2 의리의 사나이 관운장,,나관중,장선영,옥합,2000.11.13,2000.11.20
1-2-2,한,의리의 삼국지 3 겸손과 오만,,나관중,장선영,옥합,2000.11.13,2000.11.20
1-2-2,한,삼국지연의도 태평성대를 염원하다,,,,겸재정선미술관,2019.1,
1-2-2,중한,본삼국지 1 일어서는 영웅들의 꿈,,나관중 모종강,리동혁,대현피앤피,2005.7.20,
1-2-2,중한,소설과 함께 읽는 도설 삼국지 촉나라편,,심백준,정수국,창해,2008.11.29,
1-2-2,중한,소설과 함께 읽는 도설 삼국지 오나라편,,심백준,정수국,창해,2008.11.29,
1-2-2,중한,소설과 함께 읽는 도설 삼국지 위나라편,,심백준,정수국,창해,2008.11.29,
1-2-2,중,《三国演义》 名师精讲 第一册,,罗贯中,徐子曰/徐子岳,江西教育出版社,2023.4,
1-2-2,중,《三国演义》 名师精讲 第二册,,罗贯中,徐子曰/徐子岳,江西教育出版社,2024.4,
1-2-2,중,《三国演义》 名师精讲 第三册,,罗贯中,徐子曰/徐子岳,江西教育出版社,2024.4,
1-2-2,중,《三国演义》 名师精讲 第四册,,罗贯中,徐子曰/徐子岳,江西教育出版社,2024.4,
1-2-2,중,李国文陪读三国演义 上,,罗贯中,李国文,四川文艺出版社,2019.1,
1-2-2,중,李国文陪读三国演义 中,,罗贯中,李国文,四川文艺出版社,2019.1,
1-2-2,중,李国文陪读三国演义 下,,罗贯中,李国文,四川文艺出版社,2019.1,
1-2-2,중,三国演义 上 毛宗岗评本 ,,罗贯中,毛宗岗,上海古籍出版社,2021.2,2023.8
1-2-2,중,三国演义 下 毛宗岗评本 ,,罗贯中,毛宗岗,上海古籍出版社,2021.2,2023.8
1-2-2,중,三国演义 上 毛宗岗批评本,,罗贯中,毛宗岗,岳麓书社,2015.9,2024.5
1-2-2,중,三国演义 下 毛宗岗批评本,,罗贯中,毛宗岗,岳麓书社,2015.9,2024.5
1-2-2,중,毛宗岗批评本 三国演义,,罗贯中,毛宗岗,江苏凤凰文艺出版社,2023.1,2023.8
1-2-2,중,三国演义研究论文集,,河南省社会科学院,,中华书局,1991.2,
1-2-2,중,《三国演义》智谋荟萃,,飞飞 苦艾,,作家出版社,1992.6,
1-2-2,일본,後三国演義,,寺尾善雄,,秀英書房,1980.3.25,
1-2-2,일,三国志演義の世界,,金文京,,東方書店,1993.10.3.,2018.12.1
1-2-2,일,三国志演義の世界,,金文京,,東方書店,1993.6.10,2000.6.10
1-2-2,대만,三國演義縱橫談,,邱振聲,,曉園出版社,1991.4,
1-2-2,,삼국외전,,호북성 군중예술관편,,상해문예출판사,1986.8,
1-2-2,,삼국연의 연구 논문집,,"하남성 사회과학원
문학연구소",,중화서국,1991.2,
1-2-2,,삼국연의 고평,,周兆新,,북경대학출판사,,
1-2-2,,삼국연의 纵横谈,,邱振生,,晓园出版社,1991.4,
1-2-2,,真假 삼국 纵横谈,,刘逸生,,远流出版社,1989.6.1,1992.9.1
1-2-2,,삼국인물 별전,,,,중국희극출판사,1990.11,
1-2-2,,삼국연의 의 전설,,,,남해출판,1990.8,1992.3
1-2-2,,삼국지연의의 비교문학적연구,,이경선,,일지사,1976.10.1,1978.11.30
1-2-2,,원본언문현토 삼국지연의 전5권,,金聖歡,,경성서적업조합,1927.1.25,
1-2-2,,소설이 아닌 삼국지(삼국연의 평전),,최명,,조선일보사,1993.11.20,1994.2.25
1-2-3 사전,,,,,,,,
1-2-3,한,한자 속의 중문문화,,이해원,,고려대학교출판부,2009.11.20,2005.5.4
1-2-3,한,삼국지 정역삼국지 부록,,나관중,정원기,현암사,2008.10.25,
1-2-3,한,삼국지연의 한국어 번역과 서사 변용,,"인하대학교 한국학연구소
기초학문연구단",,인하대학교출판부,2007.2.16,
1-2-3,중일,三国志演義大辞典,,李岚华,立間祥介,潮出版社,,1996.7
1-2-3,중,三国演义辞典,,沈伯俊 谭良啸,,巴蜀书社,1989.6,1991.7
1-2-3,일,三国志演義大事典,,立間祥介,,潮出版社,1996.7.30,
1-2-3,,삼국연의사전,,沈伯俊 谭良繍,,巴蜀书社,1989.6,
1-3 전기(傳記),,,,,,,,
1-3-1 제갈량,,,,,,,,
1-3-1,한,제갈량 리더십,,동팡원뤼,김효숙,렌덤하우스,2005.6.8,2008.4.1
1-3-1,한,소설 제갈공명 上,,陈舜臣,박희준,까치,1991.7.20,1994.1.5
1-3-1,한,제갈량의 지혜,,임양섭,,全人,1986.1.31,1986.2.8
1-3-1,한,評傳 제갈공명 ,,狩野直禎,임종삼,동국출판사,1983.3.1,1983.3.10
1-3-1,중한,제갈량 리더십,,동팡원뤼,김효숙,렌덤하우스중앙,2005.6.28,2005.9.20
1-3-1,중한,제갈량 문화유산 답사기 ,,제갈량편집팀,,에버리치,2007.7.20,
1-3-1,중한,제갈공명 일기,,츠솽밍,김윤진,국일미디어,2005.6.24,2006.9.25
1-3-1,중,诸葛亮 少年在阳都,,高润祥,,蓝天出版社,1998.8,2005.1
1-3-1,중,诸葛亮,三国故事 人物篇,,,,,
1-3-1,중,千古名相,,晋宏忠,,新世纪出版社,2006.11,
1-3-1,중,诸葛亮在襄阳隆中,,余鹏飞,,长江出版社,2014.7,
1-3-1,일,「三国志」真説諸葛孔明,,立間祥介,,三笠書房,1992.9.20,
1-3-1,일,諸葛孔明 - 「三国志」とその時代,,宮川尚志,,講談社,2011.1012,
1-3-1,일,マンガ 三国志X 諸葛孔明,,石ノ森章太郎,,飛鳥新社,2021.7.21,
1-3-1,일,诸葛孔明の生涯,,寺尾善雄,,旺文社,1986.5.14,
1-3-1,일,歴史群像シリーズ 28: 群雄三国志―諸葛孔明と勇将、激闘の軌跡 ,,,,学研プラス,1992.5.1,2001.8.1
1-3-1,일,全論 諸葛孔明,,渡辺精一 ,,講談社 ,2004.6.14,
1-3-1,일,歴史群像シリーズ 18: 三国志 下巻 諸葛孔明、中原回復への冀望,,,,学習研究社,1990.4.30,1996.2.20
1-3-1,일,歴史群像シリーズ 28: 群雄三国志―諸葛孔明と勇将、激闘の軌跡 ,,,,学習研究社,1992.5.1,1996.2.20
1-3-1,일,歴史群像シリーズ 29: 群雄三国志―諸葛孔明と勇将、激闘の軌跡,,,,学習研究社,1992.5.2,1996.2.21
1-3-1,일,歴史群像シリーズ 18: 三国志 下巻 諸葛孔明、中原回復への冀望 ,,,,学習研究社,1990.4.30,1996.2.20
1-3-1,일,諸葛孔明 (図解雑学),,渡邉義浩,,ナツメ社,2002.5.7,
1-3-1,일,諸葛孔明 (現代視点・中国の群像),,旺文社,,旺文社,1985.1.25,
1-3-1,,제갈량 신전,,章映阁,,상해인민출판사,1984.9,
1-3-1,,제갈공명의 생애,,寺尾善雄,,旺文社,1986.5.14,
1-3-1,,제갈공명(불세출 군사의 机略纵横),,會田雄次　陳舜臣,,다이야몬드사,1989.12.22,1992.5.22
1-3-1,,"제갈공명 상,하",,진순신,,중앙공론사,1991.3.25,1991.7.20
1-3-1,,제갈공명(삼국지와 그 시대),,,,,1978.3.5,1980.5.10
1-3-1,,제갈공명의 병법,,,수옥양,徳間書店,1987.4.10,1978.1.1
1-3-1,,제갈공명과 병법(제갈량 심서),,,강무학,가정문고사,1981.3.15,1981.3.5
1-3-1,,제갈공명(평범사 간 대삼국지 제11권),,,,평범사,1981.8.30,
1-3-1,,"소설 제갈공명 상,하",,진순신,박희준,도서출판 까치,1991.7.20,
1-3-1,,제갈량의 지혜,,임양섭,,도서출판 전인,1986.2.8,
1-3-1,,평전 제갈공명,,狩野直祯,임종상,동국출판사,1983.3.10,
1-3-1,,"제갈량대전 상,중,하",,전문덕,,远流出版,1992.10.16,1993.1.16
1-3-1,,"连环图书 제갈량전 8권(1,2권 없음)",,,,海鸥出版,,
1-3-1,,제갈공명,,,,旺文社,1985.1.25,1985
1-3-2 조조,,,,,,,,
1-3-2,한,삼국지 조조전 1,,왕샤오레이,하진이/홍민경,다연,2017.1.12,2017.1.20
1-3-2,한,삼국지 조조전 6,,왕샤오레이,하진이/홍민경,다연,2017.1.12,2017.1.20
1-3-2,한,삼국지 조조전 11,,왕샤오레이,하진이/홍민경,다연,2017.1.12,2017.1.20
1-3-2,한,삼국지 조조전 12,,왕샤오레이,하진이/홍민경,다연,2017.1.12,2017.1.20
1-3-2,한,삼국지 조조전 13,,왕샤오레이,하진이/홍민경,다연,2017.1.12,2017.1.20
1-3-2,한,삼국지 조조전 14,,왕샤오레이,하진이/홍민경,다연,2017.1.12,2017.1.20
1-3-2,한,조조 같은 놈 - 매뉴얼,,왕경국,,스타북스,2009.10.15,2009.10.20
1-3-2,한,조조의 재발견,,김학주,,연암서가,2021.11.15,2021.11.20
1-3-2,한,조조 같은 놈,,왕경국 장윤철,,스타북스,2009.10.20,
1-3-2,중한,난세의 리더 조조,,친타오,양성희,더봄,2022.3.22,2022.3.25
1-3-2,중한,판세를 읽는 승부사 조조,,자오위핑,박찬철,위주덤하우스,2014.8.1,2014.8.8
1-3-2,중한,조조평전,,장쭤야오,남종진,민음사,2010.10.29,2015.7.21
1-3-2,중,曹操,,韩钟亮,,北方文艺出版社,2005.1,
1-3-2,중,曹操传,,张作耀,,人民出版社,2000.1,2004.12
1-3-2,일,曹操―三国志の真の主人公,,堀敏一,,刀水書房,2001.10.10,
1-3-2,일,曹操: 奸雄に秘められた「時代の変革者」の実像,,三国志学会,,山川出版社,2019.7.10,2019.7.20
1-3-2,월,三国志 曹操,,別冊宝島編集部,,宝島社,2016.3.23,
1-3-2,,소설 조조,,권오석,,우리터,1993.9.20,1994.4.2
1-3-2,,조조전,,中村愿,,新人物往来社,1986.11.20,
1-3-2,,조조의 재평가,,羅彩勳,,연지사,1983.7.30,
"1-3-3 삼국 인물
열전(列傳)",,,,,,,,
1-3-3,한일,삼국지 인재전쟁,,渡邉義浩,노만수,더봄,2023.8.21,
1-3-3,중한,결국 이기는 사마의,,친타오,박소정,더봄,2018.11.20,2022.3.29
1-3-3,중한,자기 통제의 승부사 사마의,,자오위핑,박찬철,위즈덤하우스,2013.10.7,2013.12.5
1-3-3,중,三国英雄,故事里的中国 4 ,公孙策,,广西师范大学出版社,2023.9,
1-3-3,중,三国 人物风云录,,宋杰,,中华书局,2023.2,2024.8
1-3-3,중,三国志人物像,,,,,,
1-3-3,중,三国人物风云录,,宋杰,,中华书局,2023.2,
1-3-3,중,张飞,三国故事 人物篇,,,上海人民美术出版社,2018.6,
1-3-3,중,关公,三国故事 人物篇,,,,,
1-3-3,중,三气周瑜,三国故事 人物篇,,,,,
1-3-3,중,《三国演义》人物百图,,赵成伟,,天津杨柳青画社,2014.9,2019.1
1-3-3,중,方诗铭论三国人物,,方诗铭,,上海古籍出版社,2006.1,
1-3-3,중,品三国前传之汉代风云人物,,易中天,,东方出版社,2006.12,2006.12
1-3-3,일한,영웅의 역사 4 삼국지의 영웅,,"타츠마 요시스케
모리야 히로시",이재정,솔출판사,2000.1.5,2000.1.20
1-3-3,일,三国志群雄173人,,新人物往来社,,新人物往来社,2000.6.1,
1-3-3,일,三国志群雄173人採点データファイル,,新人物往来社,,新人物往来社,2020.6.1,
1-3-3,일,新・歴史群像シリーズ7: 三国志英雄録　万夫不当の剛勇、機略縦横の知謀宏友,,,,学習研究社,2007.3.1,2009.4.1
1-3-3,일,歴史群像シリーズ 17: 三国志 上巻 曹操・劉備・孫権、天下への大計,,,,学習研究社,1990.3.31,2000.6.30
1-3-3,일,三国志 英傑たちのその後と謎,,武光誠,,宝島社,2015.8.22,
1-3-3,일,英雄たちの「志」 三国志の魅力,,渡邉義浩,,汲古書院,2015.4.16,
1-3-3,일,集中講義 三国志: 正史の英雄たち,,渡邉義浩,,NHK出版,2019.7.30,2019.8.25
1-3-3,일,大三国志―中原に覇を競った英傑たち,,小穴康二,,世界文化社,2009.4.10,
1-3-3,일,曹操・劉備・孫権 (現代視点・中国の群像),,旺文社,,旺文社,1985.2.22,
1-3-3,,삼국호걸조합,,仓吉页,,생활역사,1992.8,
1-3-3,,"조조, 유비, 손권",,,,왕문사,1985.2.22,
1-3-3,,삼국지의 영걸,,竹田晃,,講談社,1990.12.20,1991.1.24
1-3-3,,"삼국지(영웅 kokoni aki, 상,중,하)",,shibadaa renjaburo,,講談社,1975.6.16,1981.12.7
1-3-3,,삼국인물논집,,양강,,대만상무인서관,1969.2,1980.6
1-4 사서(史書),,,,,,,,
"1-4-1 한/후한&
삼국정립",,,,,,,,
1-4-1,중,品三国,,易中天,,浙江文艺出版社,2023.8,2024.7
1-4-1,한,한서열전,,반고,홍대표,범우사,1997.6.30,
1-4-1,한,삼국지와 고구려,,우재훈,,북랩,2024.7.12,
1-4-1,한,초한지 1 짧은 제국의 황혼,,이문열,,RHK,2020.11.5,2020.11.15
1-4-1,한,초한지 2 바람아 불어라,,이문열,,RHK,2020.11.5,2020.11.15
1-4-1,한,초한지 3 칼과 영광,,이문열,,RHK,2020.11.5,2020.11.15
1-4-1,한,초한지 4 서초패왕,,이문열,,RHK,2020.11.5,2020.11.15
1-4-1,한,초한지 5 흙먼지 말아 올리며 다시 오다,,이문열,,RHK,2020.11.5,2020.11.15
1-4-1,한,초한지 6 동트기 전,,이문열,,RHK,2020.11.5,2020.11.15
1-4-1,한,초한지 7뒤집히는 대세,,이문열,,RHK,2020.11.5,2020.11.15
1-4-1,한,초한지 8 밝아 오는 한의 동녘,,이문열,,RHK,2020.11.5,2020.11.15
1-4-1,한,초한지 9 오강에 지다,,이문열,,RHK,2020.11.5,2020.11.15
1-4-1,한,두 한나라와 두 로마,이중톈 중국사 09,이중톈,한수희,글항아리,2016.8.16,2021.8.19
1-4-1,한,삼국시대,이중톈 중국사 10,이중톈,김택규,글항아리,2018.5.14,2021.8.20
1-4-1,한,삼국지와 고구려,,우재훈,,북랩,2024.7.12,
1-4-1,한,십팔사략7 조조 유비 손권의 삼국시대,,고우영,,애니북스,2012.11.10,2012.11.20
1-4-1,한,십팔사략6 후한시대,,고우영,,애니북스,2012.11.10,2012.11.20
1-4-1,한,三国史话,,陈致平,,三民书局,1973.4,1981.1
1-4-1,중한,이중톈 삼국지 강의,,이중톈,김성배 양휘웅,김영사,2007.5.14,2007.9.27
1-4-1,중,后汉书三国志补表三十种 上,,熊方,,中华书局,2023.6,
1-4-1,중,后汉书三国志补表三十种 中,,熊方,,中华书局,2023.6,
1-4-1,중,后汉书三国志补表三十种 下,,熊方,,中华书局,2023.6,
1-4-1,중,三国史,,马植杰,,山西人民出版社,2024.8,
1-4-1,중,三国志的世界 后汉三国时代,,金文京,何晓毅/梁蕾,广西师范大学出版社,2014.1,2021.5
1-4-1,중,三国大传,,周殿福,,时代文艺出版社,2009.1,
1-4-1,중,三国外传,,"湖北省群众艺术馆
江云 韩致中",,上海文艺出版社,1986.8,
1-4-1,중,三国史话,,吕思勉,,译林出版社,2016.1,
1-4-1,중,三国说林,,劳舒,,江西教育出版社,1999.1,
1-4-1,중,细说三国,,黎东方,,上海人民出版社,2013.12,2015.8
1-4-1,중,品三国 上,,易中天,,上海文艺出版社,2006.7,2016.3
1-4-1,중,品三国 下,,易中天,,上海文艺出版社,2007.3,2007.4
1-4-1,중,图品三国,,何满子,,上海三联书店,2006.7,
1-4-1,중,品三国,,王萍,,当代世界出版社,2006.8,
1-4-1,중,后汉书 全,,,,경인문화사,1977.8.30,
1-4-1,중,三国史话,,陈致平,,三民书局,1973,
1-4-1,중,二十五史 新编 后汉书,,陈勇 庄和,,上海古籍出版社,1997.1,
1-4-1,중,品三国 上,,盛巽昌,,北方文艺出版社,2007.4,
1-4-1,중,柏杨品三国,,柏杨,,中信出版社,2006.8,
1-4-1,중,三国手册,,逸安,,中州古籍出版社,2007.1,
1-4-1,중,二十五史新编 三国志,,罗开玉,,中华书局,1992.2,2007.12
1-4-1,중,品三国,,易中天,,上海文艺出版社,2007.3,2016.1
1-4-1,일,中国の歴史４　三国志の世界　後漢　三国時代,,金文京,,講談社,2005.1.14,
1-4-1,일,漢書・後漢書・三国志列伝選,,本田済,,平凡社,1973.4.5,1994.7.25
1-4-1,일,十八史略で読む三国志,,渡邉義浩,,朝倉書店,2012.8.30,
1-4-1,일,新版 三国志新聞―三国時代の激闘をまるごとスクープ,,三国志新聞編纂委員会,,日本文芸社,2003.9.25,2005.2.15
1-4-1,일,春秋戦国500年の興亡,,渡辺義浩,,洋泉社,2015.11.5,
1-4-1,,삼국사화,,陈致平,,삼민서국,1973,1981
1-4-1,,삼국사화,,马植杰,,인민출판사,1993.1,
1-4-1,,삼국흥망,,,,요녕소년아동출판사,1989.11.1,
1-4-1,,삼국史話(사화),,陈致平,,三民书局,1973.4,
1-4-1,,삼국지 색인(24사 색인 중4),,,,大通书局,1973.12,
1-4-1,,삼국사 연구,,张大可,,甘肃人民出版社,1989.9,
1-4-1,,삼국지 고사物語,,駆田信二,,河出書房,1993.8.16,
1-4-1,,漢蜀話,,,,성도무후사박물관,1984.9.1,
1-4-1-1 위진남북조,,,,,,,,
1-4-1-1,한,위진남북조시대를 위한 변명,,,권중달,삼화,2011.12.2,2011.12.12
1-4-1-1,한,남조와 북조,이중톈 중국사 12,이중톈,김택규,글항아리,2020.8.14,2020.8.21
1-4-1-1,한,위진풍도,이중톈 중국사 11,이중톈,김택규,글항아리,2018.10.19,2018.10.26
1-4-2 통사,,,,,,,,
1-4-2,한,만국사물기원역사,,장지연,황재문,한겨레출판,2006.1.4,
1-4-2,한,한권으로 읽은 자치통감,,사마광/푸챵,나진희,현대지성,2019.4.22,2022.9.26
1-4-2,한,东洋三国의 朱子学,,이기동/정용선,,성균관대학교출판부,1995.11.30,
1-4-2,한,중국역사지리,,유원준,,내일의나,2023.1.15,
1-4-2,한,華容道,,,,,,
1-4-2,중한,思政殿訓義 資治通鑑綱目9,,朱熹,성백효 윤은숙,전통문화연구회,2017.12.30,2018.3.15
1-4-2,중한,자치통감7,,사마광,권중달,삼화,2007.1.15,2014.12.15
1-4-2,중한,자치통감6,,사마광,권중달,삼화,2007.1.15,2013.6.1
1-4-2,중한,資治通鑑 - 三國志 상,,사마광,신동준,살림,2004.1.5,2004.1.20
1-4-2,중한,十八史略 中（上）,上下,張基槿,,明文堂,2011.12.28,
1-4-2,중한,世說新語 上,,劉義慶,安吉煥,明文堂,2006.5.30,2015.5.15
1-4-2,중한,자치통감을 읽다,,장펑,김영문,378,2016.10.20,2016.11.15
1-4-2,중한,古文眞寶,,,韓武熙,혜원출판사,1998.9.25,
1-4-2,중한,자치통감 - 삼국지,,사마광,신동준,살림출판사,2004.1.10,
1-4-2,중,老子,"蔡志忠 古文对照全彩大字版
国学漫画·成语典故系列",蔡志忠,,中国出版集团 现代出版社,,
1-4-2,중,庄子,"蔡志忠 古文对照全彩大字版 
国学漫画·成语典故系列",蔡志忠,,中国出版集团 现代出版社,,
1-4-2,중,论语,"蔡志忠 古文对照全彩大字版 
国学漫画·成语典故系列",蔡志忠,,中国出版集团 现代出版社,,
1-4-2,중,孟子,"蔡志忠 古文对照全彩大字版 
国学漫画·成语典故系列",蔡志忠,,中国出版集团 现代出版社,,
1-4-2,중,大学·中庸,"蔡志忠 古文对照全彩大字版 
国学漫画·成语典故系列",蔡志忠,,中国出版集团 现代出版社,,
1-4-2,중,列子,"蔡志忠 古文对照全彩大字版 
国学漫画·成语典故系列",蔡志忠,,中国出版集团 现代出版社,,
1-4-2,중,韩非子,"蔡志忠 古文对照全彩大字版 
国学漫画·成语典故系列",蔡志忠,,中国出版集团 现代出版社,,
1-4-2,중,史记,"蔡志忠 古文对照全彩大字版 
国学漫画·成语典故系列",蔡志忠,,中国出版集团 现代出版社,,
1-4-2,중,世说新语,"蔡志忠 古文对照全彩大字版
 国学漫画·成语典故系列",蔡志忠,,中国出版集团 现代出版社,,
1-4-2,중,世说新语 品读 第一卷,,,王楠楠,中州古籍出版社,2018.6,
1-4-2,중,世说新语 品读 第二卷,,,王楠楠,中州古籍出版社,2019.6,
1-4-2,중,世说新语 品读 第三卷,,,王楠楠,中州古籍出版社,2020.6,
1-4-2,중,世说新语 品读 第四卷,,,王楠楠,中州古籍出版社,2021.6,
1-4-2,중,中国历代帝王秘史 文白对照,,朱迪卓,,蓝天出版社,,
1-4-2,중,李硕中国史 翦商,,,,广西师范大学出版社,2022.1,2023.9
1-4-2,일,史記・三国志英雄列伝 戦いでたどる勇者たちの歴史 ,,井波律子,,潮出版社,2015.11.11,
1-4-2,,"중국고대사 상,하",,,,북경사범대학출산사,1991.6,
1-4-2,,"중구공사고사 상,중,하",,,,중국소년아동출판사,,
1-4-2,,"중국통사(연환화) 2,3책",,,,해남출판사,1991.1,
1-4-2,,고대文史명저 選譯 총서(총50권 중 5권),,,,파촉서사,1990,
1-4-2,,文白대조 중국역대 제왕밀사 제1권,,,,蓝天出版社0,1993.5,
1-4-2,,삼국鼎立 柏杨版 资治通鉴 제18권,,,,远流出版,1985.3,1992.5.13
1-4-2,,역대관직표,,黄本骥,,洪氏출판사,1976.1.10,
1-4-2,,중국名宰相列传,,성동호,,홍신문호사,1980.4.10,
1-4-3 병법&계략,,,,,,,,
1-4-3,한,戰略 三國志 59,戰略 三國志 ,요코야마 미쓰테루,박영,대현출판사,1993.3.5,1993.3.20
1-4-3,한,戰略 三國志 60,戰略 三國志 ,요코야마 미쓰테루,박영,대현출판사,1993.3.5,1993.3.20
1-4-3,한,삼국지 전투에서 배우는 이기는 법,,츠게 히사요시,이유영,예무,1995.3.2,
1-4-3,한,인생의 절반쯤 왔을 때 읽어야 할 손자병법,,손주,박훈,탐나는책,2022.11.10,2024.2.23
1-4-3,한,삼국지 인물과 계략을 말하다,,뤄지푸,양성희,아리샘,2009.6.10,
1-4-3,한,삼국지의 계략,,기무라 노리아키,조영렬,서책,2013.7.30,
1-4-3,한,삼국지의 계략,,기무라 노리아키,조영렬,서책,2013.7.30,
1-4-3,한,손자병법,,최태응,옮긴이,새벽이슬,2010.1.1,2011.9.20
1-4-3,한,손자병법 초보연구,,곽화약(郭化若),,,,
1-4-3,한,세상의 모든 전략은 삼국지에서 탄생했다,,임용환,,교보문고,2022.4.29,2022.11.10
1-4-3,한,청소년이 읽는 삼국지 삼십육계,,조병덕,,운디네,2006.4.19,
1-4-3,중,孙子兵法,"蔡志忠 古文对照全彩大字版 
国学漫画·成语典故系列",蔡志忠,,中国出版集团 现代出版社,,
1-4-3,중,三十六计,彩绘版国学经典名著,丛云,,北京燕山出版社,2020.1,2023.9
1-4-3,중,兵法三十六计 连环画,,艾文/刘建平,,中国连环画出版社,1992.1,
1-4-3,중,中国兵法,,李宗吾,,香港图书公司,-,
1-4-3,중,说三国话全谋,,李炳彦,,京华出版社,2004.1,
1-4-3,일한,삼국지 군사 34선,,渡辺義浩,조영렬,서책,2014.11.17,
1-4-3,일한,삼국지 군사 34선,,와타나베 요시히로,조영렬,서책,2014.11.17,
1-4-3,일,三国志に学ぶ「良い戦略、悪い戦略」 ,,"三国志戦略研究所/
渡邉義浩 ",,,2022.7.21,
1-4-3,일,戦略戦術兵器辞典1 中国古代編,,太丸伸章,,学習研究社,,1999.5.1
1-4-3,일,武器と防具 中国編,,篠田耕一,,新紀元社,1992.5.6,2001.2.15
1-4-3,일,知識ゼロからのCGで読む三国志の戦い,,渡邊義浩 ,,幻冬舎,2017.7.25,
1-4-3,일,兵法三国志―これが中国人だ,,大橋武夫,,PHP研究所,1979.10.25,1980.10.25
1-4-3,일,群雄三国志 智略と戦いのすべて,,渡辺精一,,PHP研究所,2016.5.6,
1-4-3,,삼국연의谋略-领导예술,,谭洛非,,파촉서사,1991.8,
1-4-3,,중국병법의 발상,,村山孚,,徳間書店,1979.3.10,
1-4-3,,전략 삼국지 60권,,요꼬하마 미쓰테루,박영,태현출판사,1993.3.20,
1-4-3,,중국병법,,李宗吾,,홍콩도서공사,,
1-4-3,,제갈량 谋略宝典,,侯洪焰,,산동대학출판사,1991.11,1992.3
1-4-4 문집,,,,,,,,
1-4-4,한,제갈량 문집,,제갈량/장주,신동준,인간사랑,2017.3.30,
1-4-4,한,三国志故事名言三百选,,陈起焕,,明文堂,2001.11.10,
1-4-4,중,三曹诗选,,余冠英,,人民文学出版社,1956.8,1997.7
1-4-4,중,岳少保书武侯出师二表,,,,,,
1-4-4,중,岳飞书前出师表,,,,,,
1-4-4,중,岳飞书后出师表,,,,,,
1-4-4,일,三国志・座右の銘―歴史にみがきぬかれた100の名言,,松本一男,,三笠書房,1986.10.10,1986.11.30
1-5 삼국시대 읽기,,,,,,,,
1-5-1 교양,,,,,,,,
1-5-1,한,삼국지 고증학 1,,이전원/이소선,손경숙/김진철,청양도서출판,1997.2.20,1997.9.5
1-5-1,한,삼국지 고증학 2,,이전원/이소선,손경숙/김진철,청양도서출판,1997.2.20,1997.2.28
1-5-1,한일,삼국지의 정치와 사상,,渡辺精一,김용천,동과서,2017.9.20,
1-5-1,한,삼국지연의보다 재미있는 정사삼국지1,,써에이스,,원너스미디어,2020.2.13,2022.1.3
1-5-1,한,삼국지연의보다 재미있는 정사삼국지2,,써에이스,,원너스미디어,2020.2.13,2022.1.3
1-5-1,한,삼국지에서 삼국지연의까지 ,,민관동,,,2022.9.15,2022.9.25
1-5-1,한,만주어 삼국지 문헌 연구,,,송강호,지식과교양,2024.8.20,
1-5-1,한,삼국지를 한번도 안 읽어볼 수는 없잖아 ,,Team. StoryG,,OLD STAIRS,2022.9.1,
1-5-1,한,지략의 귀재,,이송,,펜덤북스,2010.2.26,2010.5.10
1-5-1,한,사십에 읽는 삼국지,,고혜성,,도서출판 선,2022.2.10,
1-5-1,한,삼국지가 경영전략에 답하다,,"에구치 요코/
요시다 카츠미",양영철,지식공간,2011.1.14,2012.8.1
1-5-1,한,삼국지 영웅론,,모리야 히로시,김욱,중명,2000.0.12,2000.1.24
1-5-1,한,패의 중국인 양의 중국인,,가토 도루지,한명희,수희재,2007.3.25,
1-5-1,한,"그래도 여자보다는 삼국지에
대해 잘 알아야 하지 않겠어요?",,전미현,,바른북스,2024.4.19,2024.5.16
1-5-1,한,삼국지의 정치와 사상,,와타나베 요시히로 ,김용천,동과서,2017.9.15,2017.9.20
1-5-1,한,삼국지로 접근하는 인간학,,모라야 히로시,김욱,중명출판사,2000.1.24,2004.8.31
1-5-1,한,심리학으로 읽는 삼국지,,이동연,,평단,2020.2.28,2020.4.28
1-5-1,한,AI가 본 삼국지 배신자들,,홍성남,,책과나무,2023.5.15,2023.5.19
1-5-1,한,초한지 10 토끼가 죽으면 사냥개는 삶긴다,,이문열,,RHK,2020.11.5,2020.11.15
1-5-1,한,삼국지통치학,,신동준,,인간사랑,2004.3.25,
1-5-1,한,삼국지 인간경영,,주선,,중명,2000.9.27,2000.11.1
1-5-1,한,삼국지 인간경영,,김영진,,큰방,2004.6.10,2004.6.15
1-5-1,한,隨筆三國志,,"모리야 히로시/
하나타 키요데루",한용득,가정문고사,1981.2.5,1981.2.15
1-5-1,한,심리학이 조조에게 말하다,,천위안,이정은,리드리드출판,2022.12.1,
1-5-1,한,군주론,,니콜로 마키아벨리,민지현,올리버,2023.6.19,2024.12.30
1-5-1,한,제갈량의 지혜를 읽어야 할 때,,쌍찐롱,박주은,다연,2021.7.5,2022.2.22
1-5-1,한,삼국지 경영학,,,최우석,을유문화사,2007.6.1,2013.8.30
1-5-1,한,삼국지 비어록,,최종세,,바움,2005.2.28,
1-5-1,한,삼국지 관우의 인성 인문학,,나채훈,,보아스,2007.7.20,
1-5-1,한,삼국지를 따라 아들과 여행하는 중국,,김중년,,북랩,2023.7.26,
1-5-1,한,삼국지 유적 답사와 함께 읽는 삼국지 1권 ,,유현민 ,,예문당,2005.7.20,
1-5-1,한,유비에게 묻고 조조에게 배우다,,한석준,,웅진지식하우스,2012.7.5,2012.7.15
1-5-1,한,"욕심이 차오를 떼, 노자를 만나다",,박영규,,한빛비즈,2017.10.25,2018.5.15
1-5-1,한,무에서 유를 창조하는 통찰력 제갈량처럼 앞서가라,,신동준,,미다스북스,2016.8.1,
1-5-1,한,승리를 심장에 새기는 실행력 조조처럼 대담하라,,신동준,,미다스북스,2016.8.1,
1-5-1,중한,현대 심리학으로 읽는 삼국지 인물 열전: 제갈량에게 말하다 2,,천위안,정주은,리드리드,2023.4.10,
1-5-1,중한,제갈량 읽는 CEO,,홍자오,김민정,21세기북스,2009.10.27,2009.11.5
1-5-1,중한,성공하는 리더를 위한 삼국지,,곽우가,김민정,예문,,
1-5-1,중한,조조 읽는 CEO,,량룽,이은미,21세기북스,2009.8.20,2009.9.10
1-5-1,중일,三国志考証学,,李殿元 李绍先,和田武司,講談社,1996.3.15,
1-5-1,중영,ROMANCE OF THE THREE KINGDOMS,,蔡志忠,Leong Weng Kam,ASIAPAC BOOKS,1993.5,1994.8
1-5-1,중,群雄逐鹿,,蓝水飞舟,,中国出版社 现代出版社,2020.11,
1-5-1,중,三国 名士无双,,易轩,,新世界出版社,2024.2,
1-5-1,중,细说三国,,黎东方,,上海人民出版社,,
1-5-1,중,透过地理看历史 三国篇,,李不白,,中华地图学社,2020.9,2020.1
1-5-1,중,透过地理看历史 三国篇,,李不白,,台海出版社,2020.11,
1-5-1,중,真假三国纵横谈,,刘逸生,,远流出版,1989.6.1,1992.9.1
1-5-1,중,说三国 话人生,,于学彬,,解放军出版社,1996.12.1,1999.1
1-5-1,중,真假三国纵横谈,,刘逸生,,远流出版,1989.6.1,1992.9.1
1-5-1,중,三国韬略 ,,徐兆仁,,中国人民大学出版社,1995.1,
1-5-1,일한,삼국지 경영학,,이하라 류이찌,임종삼,동국출판사,1983.9.15,1983.9.20
1-5-1,일,裸の三国志: 日・中・韓三国比較文化論 ,,金文学,,東方出版社,1998.5.25,
1-5-1,일,特別展 三国志,,"九州国立博物館, 
東京国立博物館 ",,美術出版社,2019.6.25,
1-5-1,일,三国志新聞,,三国志新聞編纂委員会,,日本文芸社,1996.3.1,
1-5-1,일,"人事の三国志
 変革期の人脈・人材登用・立身出世",,渡邊義浩,,朝日新聞出版,2019.6.10,
1-5-1,일,三国志が好き！,,渡邊義浩,,岩波書店,2023.4.7,
1-5-1,일,三国志 一の巻 天狼の星,,北方謙三,,角川春樹事務所 ,2001.6.18,
1-5-1,일,三国志の人物学,,守屋洋,,PHP研究所,1981.7.24,
1-5-1,일,三国志軍師総登場,,吉成勇,,新人物往来社,1998.6.1,
1-5-1,일,三国志の統率学,,松本一男,,三笠書房,1986.4.30,1986.12.10
1-5-1,일,三国志を行く 三国鼎立編,,山口直樹,,世界文化社,2006.5.1,
1-5-1,일,ここが一番おもしろい! 三国志 謎の収集,,島崎晋,,青春出版社,2019.11.1,
1-5-1,일,三国志 群雄割拠の時代を駆け抜けた英雄たちの物語,,榎本秋,,新星,2008.12.15,
1-5-1,일,三国志―人の上に立つ条件とは,,守屋洋,,世界文化社 ,1987.8.1,
1-5-1,일,石平の裏読み三国志 英雄たちに学ぶ乱世のリーダーシップ,,石平,,PHP研究所 ,2020.5.11,
1-5-1,일,三国志と人間学,,安岡正篤,,福村出版,1987.8.20,1991.7.20
1-5-1,일,人物中国の歴史 5 三国志の世界,,駒田信二,,集英社,1981.7.20,
1-5-1,일,三国志 現代に生かす人間学の宝庫 中国古典の人間学,,守屋洋 等,,世界文化社,1983.12.1,
1-5-1,일,十八史略 人間学の不朽のバイブル,,守屋洋 等,,世界文化社,1984.1.1,
1-5-1,일,三国志 Three Kingdoms Unveiling the Story ,,"九州国立博物館 
東京国立博物館",,美術出版社,2019.9,
1-5-1,대만,英雄訓練手冊　三國志傳奇,,澄田夢久 渡邉義浩,胡毓華,"
楓葉社文化事業有限公司",2020.11.6,
1-5-1,,"명청소설 상,하(상권만 있음)",,,,산동예술출판사,1992.9,
1-5-1,,삼국지 铭铭傳,,,,光村도서,1984.3.15,
1-5-1,,삼국지경영학,,이하라 류이찌,임종삼,동국출판사,1983.9.20,
1-5-1,,삼국지 인간학,,모리야 히고시,임종삼,동국출판사,1982.4.15,
1-5-1,,조조争霸经营史,,陈文德,,远流出版,1991.1.1,1993.2.16
1-5-1,,삼국모량과 현대상전,,藿雨佳,,远流出版,1992.10.16,1992.11.1
1-5-1,,"영웅 생 kirubekika, 사tksubekita 상,중,하",,柴田錬三郎,,集英社,1977.1.30,1978.1.20
1-5-1,,중국지명사전,,星文武夫,,名著보급회,1941.4.8,1980.12.10
1-5-1,,삼국지 no旅,,,,講談社,1981.5.20,
1-5-1,,"삼국지 graphic판
(현대를 사는 인간학의 보고)",,,,세계문화사,1983.12.1,
1-5-1,,後사국연의,,寺尾善雄,,秀英書房,1980.3.25,
1-5-1,,삼국지(재미있는 세미나),,,,潮出版社,1984.7.16,
1-5-1,,삼국지(사람들의 위에 서는 조건이란),,,,세계문화사,1987.8.1,
1-5-1,,"역사 小故事 총서 선집
(삼국 양진 남북조시대)",,,,하남정주인민출판사,1984.3,
1-5-1,,중국고전 명언사전,,諸橋轍次,,講談社,1972.11.20,
1-5-1,,삼국胜迹神旅,,吴攻 员力,,하남인민출판사,1986.10.1,
1-5-1,,관공의 인격과 신격,,黄华节,,대만상무인서관,1967.1,1978.7
1-5-1,,삼국지 인물 소프트,,최용현,,희성출판사,1993.4.30,
1-5-2 도감,,,,,,,,
1-5-2,한,원본그림 삼국지,,"금협중/강병국, 차정식",,진한엠엔비,2017.8.28,2018.3.5
1-5-2,한,그림 삼국지 1,그림 삼국지,석용원/이성박,,현암사,1984.11.30,
1-5-2,한,그림 삼국지 2,그림 삼국지,석용원/이성박,,현암사,1984.11.31,
1-5-2,한,삼국지 100년 도감,,바운드,전경아,이다미디어,2018.1.13,2018.5.14
1-5-2,한,중국 역사 지리,,류제헌,,문학과지성사,1999.1.4,
1-5-2,중일,図説 三国志の世界,,刘炜,気賀沢保規,大修館書店,2001.6.20,
1-5-2,중,图解三国演义,,罗贯中 ,吴羽,南海出版社,2008.1.1,
1-5-2,중,成都武侯祠(관광지소개),,成都武侯祠博物馆研究部,,,,
1-5-2,중,地图三国,,许盘清,,地震出版社,2007.7,
1-5-2,중,三国地图,,,,中国地图出版社,2018.1,2019.4
1-5-2,중,图说三国 曹魏,,,,成都地图出版社,2004.3,
1-5-2,중,三国演义 中国邮票,,,,,,
1-5-2,중,图说三国 刘蜀,,沈伯俊,,成都地图出版社,2004.3,
1-5-2,중,简明中国历史地图表,,中国社会科学院 谭其骧,,中国地图出版社,1991.1,1996.6
1-5-2,중,图说三国 孙吴,,沈伯俊,,成都地图出版社,2004.3,
1-5-2,중,地图三国,,许盘清,,地震出版社,2007.7,
1-5-2,중,读图识中国,,万必文 陈志辉,,商务印刷馆,2018.3,
1-5-2,중,国中 新超群 地理,,蔡文隆 蔡久瀛,,南一书局,,
1-5-2,일한,삼국지 100년 도감,,바운드,"전경아, 미츠다 타카시",이디미디어,2018.1.13,2022.10.24
1-5-2,일중,图解三国时代,,原遥平,张嘉苓,易博士文化,2006.11.23,
1-5-2,일,"イラストでサクッと理解 
流れが見えてくる三国志図鑑 ",,かみゆ歴史編集部,, ナツメ社,2023.7.18,
1-5-2,일,図解三国志: ひと目でわかる!,,川浦治明,,学研プラス,2005.3.1,
1-5-2,일,三国演義 写真図鑑,,クラブ三国迷 神保龍太,,ASPECT,1996.8.26,
1-5-2,일,図解雑学 三国志 ,,渡邉義浩,,ナツメ社,2001.2.20,
1-5-2,일,図説・読み切り 年画・三国志,,王樹村 立間祥介,,集英社,1994.6.25,
1-5-2,일,一冊でわかるイラストでわかる図解世界史,,成美堂,,成美堂,2006.11.1,
1-5-2,,중국역사 疆域古今对照图说,,徐氏基金会,,,1979.4.30,
1-6 만화,,,,,,,,
1-6,한,만화 삼국지 1,만화 삼국지,이문열/이희재,,아이세움,2001.7.1,2007.7.16
1-6,한,만화 삼국지 2,만화 삼국지,이문열/이희재,,아이세움,2001.7.1,2007.5.2
1-6,한,만화 삼국지 3,만화 삼국지,이문열/이희재,,아이세움,2001.7.1,2007.7.16
1-6,한,만화 삼국지 4,만화 삼국지,이문열/이희재,,아이세움,2001.9.5,2007.5.2
1-6,한,만화 삼국지 5,만화 삼국지,이문열/이희재,,아이세움,2001.7.25,2007.7.16
1-6,한,만화 삼국지 6,만화 삼국지,이문열/이희재,,아이세움,2001.10.25,2007.5.2
1-6,한,만화 삼국지 7,만화 삼국지,이문열/이희재,,아이세움,2001.11.25,2007.3.12
1-6,한,만화 삼국지 8,만화 삼국지,이문열/이희재,,아이세움,2002.11.25,2007.5.2
1-6,한,만화 삼국지 9,만화 삼국지,이문열/이희재,,아이세움,2002.3.15,2007.7.16
1-6,한,만화 삼국지 10,만화 삼국지,이문열/이희재,,아이세움,2002.4.20,2007.3.12
1-6,한,만화 삼국지 1,,"요시카와 에이지/
이시모리 프로/
다케카와 고타로",장현주,미래사,2021.12.1,2021.12.15
1-6,한,만화 삼국지 2,,"요시카와 에이지/
이시모리 프로/
다케카와 고타로",장현주,미래사,2021.12.1,2021.12.15
1-6,한,고우영만화대전집1 삼국지1,,고우영,,우석출판사,1999.6.5,
1-6,중,漫画三国志1,漫画三国志,甜甜猪编辑部/张军霞,,北京工艺美术出版社,2024.2.1,
1-6,중,漫画三国志2,漫画三国志,甜甜猪编辑部/张军霞,,北京工艺美术出版社,2024.2.1,
1-6,중,漫画三国志3,漫画三国志,甜甜猪编辑部/张军霞,,北京工艺美术出版社,2024.2.1,
1-6,중,漫画三国志4,漫画三国志,甜甜猪编辑部/张军霞,,北京工艺美术出版社,2024.2.1,
1-6,중,漫画讲透 资治通鉴,,华彬/小读客,,江苏凤凰文艺出版社,2023.6,
1-6,중,漫画讲透 资治通鉴,,小读客阅读研究所,,江苏凤凰文艺出版社,2023.3,
1-6,중,赛雷三分钟漫画 三国演义 10,,赛雷,,湖南文艺出版社,2022.6,
1-6,중,赛雷三分钟漫画 三国演义 11,,赛雷,,湖南文艺出版社,,
1-6,중,赛雷三分钟漫画 三国演义 12,,赛雷,,湖南文艺出版社,,
1-6,중,漫画三国志 1,,罗贯中,金佑英,三采文化出版,2006.1.5,
1-6,중,漫画三国志 2,,罗贯中,金佑英,三采文化出版,2006.1.5,
1-6,중,漫画三国志 3,,罗贯中,金佑英,三采文化出版,2006.1.5,
1-6,중,漫画三国志 4,,罗贯中,金佑英,三采文化出版,2006.1.5,
1-6,중,漫画三国志 5,,罗贯中,金佑英,三采文化出版,2006.1.5,
1-6,중,만화를 보면서 배우는 일본어 三国志,,"쿠보다 센터로/
소노다 미츠요시",오상현,이지북,2000.11.9,
1-6,중,三国志 忠肝义胆群英会 蔡志忠古典幽默漫画IV,,蔡志忠,,三联书店,1992.8,
1-6,중,三国演义 (连环画）,1~48,,,上海人民美术出版社,1979.4,1979.5
1-6,중,漫画三国志 3 三顾茅庐,,罗贯中,金佑英,三采文化,2006.1.5,
1-6,일본,マンガでわかる三国志,,袴田郁一/渡邉義浩,,池田書店,2016.11.24,
1-6,,만화수설 삼국지 10권,,구보다 센터로,,대현출판사,1993.11.30,
1-6,,만화 삼국연의 5권,,,,牛顷출판사,1990.8.10,1992.5.20
2. 영상,,,,,,,,
2,한,영어로 듣고 영어로 말하는 삼국지 USB,,,, 대종영상,,
2,한,벌거벗은 세계사 - 사건편 ,,"tvN<벌거벗은 세계사>
제작팀",,교보문고,2022.1.24,2023.2.10
2,중,三国演义 DVD 珍藏版,,,中国中央电视台,,,
2,중,开车读二十五史 三国志(CD),,卡尔博学文化公司,,中经录音录像中信,,
2,중,三国演义 中英文字幕,,,,深圳市激光节目出版,,
?,,,,,,,,
,한,연개소문전쟁,,우재훈,,북랩,2017.5.17,
,한,뿌리깊은 나무 판소리 - 적벽가,,"소리/정권진, 
북/김명환",뿌리깊은 나무,한국 브리태니커,1982.5.1,
,한,"한국상인, 중국상인, 일본상인",,이영호,,스노우폭스북스,2023.8.31,2023.9.6
,한,공정하다는 착각,,마이클 샌델,함규진,미래엔,2020.12.1,2021.5.20
,한,華容道(화룡도),,,,,,
,한,한권으로 읽는 조선인물실록,,김형광,,시아,2021.7.1,
,한,신학자가 풀어 쓴 유교 이야기,,배요한,,한국기독학생회출판부,2014.3.14,2015.10.15
,한,성리학을 비판한 유교의 개혁자 이탁오와 조선의 실학,,신용철,,탐구당,2017.8.31,
,한,"보수의 시작, 퇴계  진보의 시작, 율곡",,박상하,,생각출판사,2020.3.15,
,한,뿌리깊은 나무 판소리 - 적벽가,,정권진 김명환,,한국 브리태니커 회사,1982.5.1,
,중,楼桑三义宫,,刘桂郁,,"涿州市鸿蒙实业
发展有限公司",2001.9,
,중,曹冲称象,中国经典故事绘本第3辑,关胜莲,,延边大学出版社,2021.5,2024.6
,중,老鼠嫁女,中国经典故事绘本第3辑,关胜莲,,延边大学出版社,2021.5,2024.6
,중,叶公好龙,中国经典故事绘本第3辑,关胜莲,,延边大学出版社,2021.5,2024.6
,중,司马光砸缸,中国经典故事绘本第3辑,关胜莲,,延边大学出版社,2021.5,2024.6
,중,黄香温席,中国经典故事绘本第3辑,关胜莲,,延边大学出版社,2021.5,2024.6
,중,白蛇传说,中国经典故事绘本第3辑,关胜莲,,延边大学出版社,2021.5,2024.6
,중,九色鹿,中国经典故事绘本第3辑,关胜莲,,延边大学出版社,2021.5,2024.6
,중,猴子捞月,中国经典故事绘本第3辑,关胜莲,,延边大学出版社,2021.5,2024.6
,중,高山流水,中国经典故事绘本第3辑,关胜莲,,延边大学出版社,2021.5,2024.6
,중,三个和尚,中国经典故事绘本第3辑,关胜莲,,延边大学出版社,2021.5,2024.6
,중,草船借箭,中国经典故事绘本第3辑,关胜莲,,延边大学出版社,2021.5,2024.6
,중,鲤鱼跳龙门,中国经典故事绘本第3辑,关胜莲,,延边大学出版社,2021.5,2024.6
,중,岳母刺字,中国经典故事绘本第3辑,关胜莲,,延边大学出版社,2021.5,2024.6
,중,武松打虎,中国经典故事绘本第3辑,关胜莲,,延边大学出版社,2021.5,2024.6
,중,姜太公钓鱼,中国经典故事绘本第3辑,关胜莲,,延边大学出版社,2021.5,2024.6
,중,杯弓蛇影,中国经典故事绘本第3辑,关胜莲,,延边大学出版社,2021.5,2024.6
,중,滥竽充数,中国经典故事绘本第3辑,关胜莲,,延边大学出版社,2021.5,2024.6
,중,狐假虎威,中国经典故事绘本第3辑,关胜莲,,延边大学出版社,2021.5,2024.6
,중,孟姜女哭长城,中国经典故事绘本第3辑,关胜莲,,延边大学出版社,2021.5,2024.6
,중,东郭先生和狼,中国经典故事绘本第3辑,关胜莲,,延边大学出版社,2021.5,2024.6
,중,拳打镇西关,三国演义 提高大语文核心素养,,,新世纪出版社,,
,중,倒拔垂杨柳,三国演义 提高大语文核心素养,,,新世纪出版社,,
,중,风雪山神庙,三国演义 提高大语文核心素养,,,新世纪出版社,,
,중,吴闯白虎堂,三国演义 提高大语文核心素养,,,新世纪出版社,,
,중,大闹野猪林,三国演义 提高大语文核心素养,,,新世纪出版社,,
,중,武松打虎,三国演义 提高大语文核心素养,,,新世纪出版社,,
,중,醉打蒋门神,三国演义 提高大语文核心素养,,,新世纪出版社,,
,중,杨志卖刀,三国演义 提高大语文核心素养,,,新世纪出版社,,
,중,真假李逵,三国演义 提高大语文核心素养,,,新世纪出版社,,
,중,智取生辰纲,三国演义 提高大语文核心素养,,,新世纪出版社,,
,중,万事万物由来,,宿春礼,,中国华侨出版社,2010.11,
,,역사의 명참모 尹青光편,,,,동국출판사,1983.12.10,
